team,games_won,total_games,win_percent
Pakistan,97,164,59.14634146341463
India,74,149,49.664429530201346
Sri Lanka,75,133,56.390977443609025
Australia,88,119,73.94957983193278
South Africa,76,110,69.0909090909091
Zimbabwe,28,100,28.000000000000004
New Zealand,43,96,44.79166666666667
West Indies,38,85,44.70588235294118
England,30,70,42.857142857142854
Bangladesh,7,50,14.000000000000002
Kenya,7,28,25.0
Netherlands,1,8,12.5
Namibia,0,5,0.0
United Arab Emirates,0,4,0.0
ICC World XI,1,4,25.0
Asia XI,1,3,33.33333333333333
Africa XI,1,2,50.0
Canada,1,2,50.0
Scotland,0,2,0.0
Hong Kong,0,1,0.0
United States of America,0,1,0.0
